dataset,seed_a,seed_b,layer_i,layer_j,same_depth,metric,value
mnist,42,123,1,1,True,cka,0.964693546295166
mnist,42,123,1,1,True,cosine,0.43373221158981323
mnist,42,123,1,1,True,svcca,0.6782179791069608
mnist,42,123,1,1,True,pwcca,0.8656984592904525
mnist,42,123,1,2,False,cka,0.9401902556419373
mnist,42,123,1,2,False,cosine,0.45469969511032104
mnist,42,123,1,2,False,svcca,0.6623262655663985
mnist,42,123,1,2,False,pwcca,0.880745976347564
mnist,42,123,1,3,False,cka,0.8989216685295105
mnist,42,123,1,3,False,cosine,0.4791368842124939
mnist,42,123,1,3,False,svcca,0.6500242152682368
mnist,42,123,1,3,False,pwcca,0.8665589699222541
mnist,42,123,1,4,False,cka,0.8698117136955261
mnist,42,123,1,4,False,cosine,0.4720560908317566
mnist,42,123,1,4,False,svcca,0.6292731305088951
mnist,42,123,1,4,False,pwcca,0.8472063736051801
mnist,42,123,2,1,False,cka,0.9424111247062683
mnist,42,123,2,1,False,cosine,0.4635249972343445
mnist,42,123,2,1,False,svcca,0.6549563109404757
mnist,42,123,2,1,False,pwcca,0.9148068814442503
mnist,42,123,2,2,True,cka,0.9575186967849731
mnist,42,123,2,2,True,cosine,0.499683678150177
mnist,42,123,2,2,True,svcca,0.6786245353510797
mnist,42,123,2,2,True,pwcca,0.9233043248809616
mnist,42,123,2,3,False,cka,0.936661958694458
mnist,42,123,2,3,False,cosine,0.4768335223197937
mnist,42,123,2,3,False,svcca,0.6731417586421083
mnist,42,123,2,3,False,pwcca,0.8949590546506258
mnist,42,123,2,4,False,cka,0.9145695567131042
mnist,42,123,2,4,False,cosine,0.4627624452114105
mnist,42,123,2,4,False,svcca,0.6592686419647684
mnist,42,123,2,4,False,pwcca,0.89075957410406
mnist,42,123,3,1,False,cka,0.9122876524925232
mnist,42,123,3,1,False,cosine,0.4632546901702881
mnist,42,123,3,1,False,svcca,0.6323332055416586
mnist,42,123,3,1,False,pwcca,0.9281298570928973
mnist,42,123,3,2,False,cka,0.953747570514679
mnist,42,123,3,2,False,cosine,0.5008660554885864
mnist,42,123,3,2,False,svcca,0.6727404068329366
mnist,42,123,3,2,False,pwcca,0.9414356730499654
mnist,42,123,3,3,True,cka,0.9505496025085449
mnist,42,123,3,3,True,cosine,0.48554885387420654
mnist,42,123,3,3,True,svcca,0.6889153091993476
mnist,42,123,3,3,True,pwcca,0.9071202819232628
mnist,42,123,3,4,False,cka,0.9409826397895813
mnist,42,123,3,4,False,cosine,0.5172102451324463
mnist,42,123,3,4,False,svcca,0.6840232561547552
mnist,42,123,3,4,False,pwcca,0.904798645910033
mnist,42,123,4,1,False,cka,0.8838571310043335
mnist,42,123,4,1,False,cosine,0.4456600248813629
mnist,42,123,4,1,False,svcca,0.6233321629849826
mnist,42,123,4,1,False,pwcca,0.9313631717136479
mnist,42,123,4,2,False,cka,0.9423253536224365
mnist,42,123,4,2,False,cosine,0.45485514402389526
mnist,42,123,4,2,False,svcca,0.6747638552336976
mnist,42,123,4,2,False,pwcca,0.9463994588315499
mnist,42,123,4,3,False,cka,0.9511134624481201
mnist,42,123,4,3,False,cosine,0.4128996729850769
mnist,42,123,4,3,False,svcca,0.6717810323388176
mnist,42,123,4,3,False,pwcca,0.9492229061196915
mnist,42,123,4,4,True,cka,0.9517465829849243
mnist,42,123,4,4,True,cosine,0.4619455635547638
mnist,42,123,4,4,True,svcca,0.682735802055878
mnist,42,123,4,4,True,pwcca,0.9520007303628397
mnist,42,456,1,1,True,cka,0.9565349221229553
mnist,42,456,1,1,True,cosine,0.45309504866600037
mnist,42,456,1,1,True,svcca,0.6787731349395999
mnist,42,456,1,1,True,pwcca,0.8900823350548842
mnist,42,456,1,2,False,cka,0.9354217052459717
mnist,42,456,1,2,False,cosine,0.49306461215019226
mnist,42,456,1,2,False,svcca,0.6553542091240129
mnist,42,456,1,2,False,pwcca,0.8778906503591118
mnist,42,456,1,3,False,cka,0.9110329151153564
mnist,42,456,1,3,False,cosine,0.4955653250217438
mnist,42,456,1,3,False,svcca,0.6435411590589216
mnist,42,456,1,3,False,pwcca,0.8687674816262216
mnist,42,456,1,4,False,cka,0.8848956227302551
mnist,42,456,1,4,False,cosine,0.4509439766407013
mnist,42,456,1,4,False,svcca,0.6242844356386869
mnist,42,456,1,4,False,pwcca,0.8529174449880228
mnist,42,456,2,1,False,cka,0.9376034140586853
mnist,42,456,2,1,False,cosine,0.48547646403312683
mnist,42,456,2,1,False,svcca,0.6655993119080503
mnist,42,456,2,1,False,pwcca,0.917062555005042
mnist,42,456,2,2,True,cka,0.9546146392822266
mnist,42,456,2,2,True,cosine,0.4852466881275177
mnist,42,456,2,2,True,svcca,0.6632793123267537
mnist,42,456,2,2,True,pwcca,0.9188960127736726
mnist,42,456,2,3,False,cka,0.9446378946304321
mnist,42,456,2,3,False,cosine,0.489339143037796
mnist,42,456,2,3,False,svcca,0.6653552147826605
mnist,42,456,2,3,False,pwcca,0.8950248269097734
mnist,42,456,2,4,False,cka,0.9267887473106384
mnist,42,456,2,4,False,cosine,0.4801032543182373
mnist,42,456,2,4,False,svcca,0.6527779795239541
mnist,42,456,2,4,False,pwcca,0.8879994953017896
mnist,42,456,3,1,False,cka,0.9050083160400391
mnist,42,456,3,1,False,cosine,0.4764448404312134
mnist,42,456,3,1,False,svcca,0.6399508360550509
mnist,42,456,3,1,False,pwcca,0.9290599296865684
mnist,42,456,3,2,False,cka,0.9471875429153442
mnist,42,456,3,2,False,cosine,0.5295565724372864
mnist,42,456,3,2,False,svcca,0.6610845031900444
mnist,42,456,3,2,False,pwcca,0.9382082818516636
mnist,42,456,3,3,True,cka,0.9513400793075562
mnist,42,456,3,3,True,cosine,0.4854075610637665
mnist,42,456,3,3,True,svcca,0.6857352032866426
mnist,42,456,3,3,True,pwcca,0.907089372858263
mnist,42,456,3,4,False,cka,0.9493086934089661
mnist,42,456,3,4,False,cosine,0.49769511818885803
mnist,42,456,3,4,False,svcca,0.6796976712368185
mnist,42,456,3,4,False,pwcca,0.9062540112153923
mnist,42,456,4,1,False,cka,0.8730355501174927
mnist,42,456,4,1,False,cosine,0.4125622808933258
mnist,42,456,4,1,False,svcca,0.6295856049603258
mnist,42,456,4,1,False,pwcca,0.9322293870604855
mnist,42,456,4,2,False,cka,0.9276543259620667
mnist,42,456,4,2,False,cosine,0.4789172112941742
mnist,42,456,4,2,False,svcca,0.6573499774230462
mnist,42,456,4,2,False,pwcca,0.9426216926966696
mnist,42,456,4,3,False,cka,0.9399408102035522
mnist,42,456,4,3,False,cosine,0.4729763865470886
mnist,42,456,4,3,False,svcca,0.6733922238712459
mnist,42,456,4,3,False,pwcca,0.94889566057847
mnist,42,456,4,4,True,cka,0.9535800814628601
mnist,42,456,4,4,True,cosine,0.3913230001926422
mnist,42,456,4,4,True,svcca,0.6888337965608482
mnist,42,456,4,4,True,pwcca,0.9528412647478867
mnist,123,456,1,1,True,cka,0.9600165486335754
mnist,123,456,1,1,True,cosine,0.41994956135749817
mnist,123,456,1,1,True,svcca,0.6837248554721753
mnist,123,456,1,1,True,pwcca,0.8901254934928049
mnist,123,456,1,2,False,cka,0.9313291907310486
mnist,123,456,1,2,False,cosine,0.45161429047584534
mnist,123,456,1,2,False,svcca,0.6553747040849478
mnist,123,456,1,2,False,pwcca,0.8761087123967211
mnist,123,456,1,3,False,cka,0.9071712493896484
mnist,123,456,1,3,False,cosine,0.46827003359794617
mnist,123,456,1,3,False,svcca,0.641032657773172
mnist,123,456,1,3,False,pwcca,0.8695692163280981
mnist,123,456,1,4,False,cka,0.8804506063461304
mnist,123,456,1,4,False,cosine,0.43796688318252563
mnist,123,456,1,4,False,svcca,0.6208531179396043
mnist,123,456,1,4,False,pwcca,0.8574965932027756
mnist,123,456,2,1,False,cka,0.9336762428283691
mnist,123,456,2,1,False,cosine,0.4586394131183624
mnist,123,456,2,1,False,svcca,0.6623300427922914
mnist,123,456,2,1,False,pwcca,0.8510047389076005
mnist,123,456,2,2,True,cka,0.9608768820762634
mnist,123,456,2,2,True,cosine,0.4899679124355316
mnist,123,456,2,2,True,svcca,0.681212717330718
mnist,123,456,2,2,True,pwcca,0.8967840582035264
mnist,123,456,2,3,False,cka,0.954576313495636
mnist,123,456,2,3,False,cosine,0.48140236735343933
mnist,123,456,2,3,False,svcca,0.6861345028813504
mnist,123,456,2,3,False,pwcca,0.9030427898254161
mnist,123,456,2,4,False,cka,0.94256991147995
mnist,123,456,2,4,False,cosine,0.4583888649940491
mnist,123,456,2,4,False,svcca,0.6687851559592206
mnist,123,456,2,4,False,pwcca,0.8923976660240767
mnist,123,456,3,1,False,cka,0.8892850875854492
mnist,123,456,3,1,False,cosine,0.44622132182121277
mnist,123,456,3,1,False,svcca,0.6493645630867825
mnist,123,456,3,1,False,pwcca,0.9275114489611052
mnist,123,456,3,2,False,cka,0.9458391666412354
mnist,123,456,3,2,False,cosine,0.4974825978279114
mnist,123,456,3,2,False,svcca,0.6785414554422369
mnist,123,456,3,2,False,pwcca,0.9388518907732727
mnist,123,456,3,3,True,cka,0.9535335898399353
mnist,123,456,3,3,True,cosine,0.4369148313999176
mnist,123,456,3,3,True,svcca,0.6768814260908175
mnist,123,456,3,3,True,pwcca,0.9409769179741068
mnist,123,456,3,4,False,cka,0.9551640748977661
mnist,123,456,3,4,False,cosine,0.4386405944824219
mnist,123,456,3,4,False,svcca,0.6821258623718284
mnist,123,456,3,4,False,pwcca,0.9419054751472375
mnist,123,456,4,1,False,cka,0.8593479990959167
mnist,123,456,4,1,False,cosine,0.4257136583328247
mnist,123,456,4,1,False,svcca,0.6293553437465282
mnist,123,456,4,1,False,pwcca,0.9324694187553498
mnist,123,456,4,2,False,cka,0.9293637275695801
mnist,123,456,4,2,False,cosine,0.48181039094924927
mnist,123,456,4,2,False,svcca,0.6628391520512568
mnist,123,456,4,2,False,pwcca,0.9452830914661061
mnist,123,456,4,3,False,cka,0.944338321685791
mnist,123,456,4,3,False,cosine,0.4926919639110565
mnist,123,456,4,3,False,svcca,0.6724585806056413
mnist,123,456,4,3,False,pwcca,0.9507258384787454
mnist,123,456,4,4,True,cka,0.9575402140617371
mnist,123,456,4,4,True,cosine,0.43109893798828125
mnist,123,456,4,4,True,svcca,0.6942951675309642
mnist,123,456,4,4,True,pwcca,0.954873819806976
fashion_mnist,42,123,1,1,True,cka,0.9651513695716858
fashion_mnist,42,123,1,1,True,cosine,0.3924733102321625
fashion_mnist,42,123,1,1,True,svcca,0.6844695874121371
fashion_mnist,42,123,1,1,True,pwcca,0.9202383116045866
fashion_mnist,42,123,1,2,False,cka,0.9394370317459106
fashion_mnist,42,123,1,2,False,cosine,0.44110485911369324
fashion_mnist,42,123,1,2,False,svcca,0.687732122431807
fashion_mnist,42,123,1,2,False,pwcca,0.9190032577528044
fashion_mnist,42,123,1,3,False,cka,0.901422381401062
fashion_mnist,42,123,1,3,False,cosine,0.4207945168018341
fashion_mnist,42,123,1,3,False,svcca,0.666168765344746
fashion_mnist,42,123,1,3,False,pwcca,0.908913332662468
fashion_mnist,42,123,1,4,False,cka,0.8692217469215393
fashion_mnist,42,123,1,4,False,cosine,0.41662052273750305
fashion_mnist,42,123,1,4,False,svcca,0.6208771450252495
fashion_mnist,42,123,1,4,False,pwcca,0.8931002093213853
fashion_mnist,42,123,2,1,False,cka,0.9226652383804321
fashion_mnist,42,123,2,1,False,cosine,0.4326450228691101
fashion_mnist,42,123,2,1,False,svcca,0.6667489459918036
fashion_mnist,42,123,2,1,False,pwcca,0.9415268568281049
fashion_mnist,42,123,2,2,True,cka,0.9205619692802429
fashion_mnist,42,123,2,2,True,cosine,0.42141488194465637
fashion_mnist,42,123,2,2,True,svcca,0.7000839948695506
fashion_mnist,42,123,2,2,True,pwcca,0.950173363274405
fashion_mnist,42,123,2,3,False,cka,0.8987594842910767
fashion_mnist,42,123,2,3,False,cosine,0.3969797194004059
fashion_mnist,42,123,2,3,False,svcca,0.6904515284890601
fashion_mnist,42,123,2,3,False,pwcca,0.9476401172040817
fashion_mnist,42,123,2,4,False,cka,0.8735604882240295
fashion_mnist,42,123,2,4,False,cosine,0.39907726645469666
fashion_mnist,42,123,2,4,False,svcca,0.6632288440678287
fashion_mnist,42,123,2,4,False,pwcca,0.9166121210302528
fashion_mnist,42,123,3,1,False,cka,0.8805947303771973
fashion_mnist,42,123,3,1,False,cosine,0.41830170154571533
fashion_mnist,42,123,3,1,False,svcca,0.6532093915522281
fashion_mnist,42,123,3,1,False,pwcca,0.8826674493286046
fashion_mnist,42,123,3,2,False,cka,0.8976991176605225
fashion_mnist,42,123,3,2,False,cosine,0.4213452935218811
fashion_mnist,42,123,3,2,False,svcca,0.6774171158710238
fashion_mnist,42,123,3,2,False,pwcca,0.9620755200728588
fashion_mnist,42,123,3,3,True,cka,0.9037131667137146
fashion_mnist,42,123,3,3,True,cosine,0.41801002621650696
fashion_mnist,42,123,3,3,True,svcca,0.6907778257422614
fashion_mnist,42,123,3,3,True,pwcca,0.9253551758977082
fashion_mnist,42,123,3,4,False,cka,0.9096879363059998
fashion_mnist,42,123,3,4,False,cosine,0.3940378427505493
fashion_mnist,42,123,3,4,False,svcca,0.7000588596935968
fashion_mnist,42,123,3,4,False,pwcca,0.9283710871181383
fashion_mnist,42,123,4,1,False,cka,0.8589264750480652
fashion_mnist,42,123,4,1,False,cosine,0.38195517659187317
fashion_mnist,42,123,4,1,False,svcca,0.6311860846331715
fashion_mnist,42,123,4,1,False,pwcca,0.8649244471988295
fashion_mnist,42,123,4,2,False,cka,0.8633206486701965
fashion_mnist,42,123,4,2,False,cosine,0.42639729380607605
fashion_mnist,42,123,4,2,False,svcca,0.6816946886297272
fashion_mnist,42,123,4,2,False,pwcca,0.9698126146774659
fashion_mnist,42,123,4,3,False,cka,0.8763945698738098
fashion_mnist,42,123,4,3,False,cosine,0.42599600553512573
fashion_mnist,42,123,4,3,False,svcca,0.6978029194472543
fashion_mnist,42,123,4,3,False,pwcca,0.972735595572446
fashion_mnist,42,123,4,4,True,cka,0.9222736358642578
fashion_mnist,42,123,4,4,True,cosine,0.37280789017677307
fashion_mnist,42,123,4,4,True,svcca,0.7011652855614582
fashion_mnist,42,123,4,4,True,pwcca,0.9354519128484292
fashion_mnist,42,456,1,1,True,cka,0.9712089896202087
fashion_mnist,42,456,1,1,True,cosine,0.36152127385139465
fashion_mnist,42,456,1,1,True,svcca,0.692424451999578
fashion_mnist,42,456,1,1,True,pwcca,0.9107877082010027
fashion_mnist,42,456,1,2,False,cka,0.9438103437423706
fashion_mnist,42,456,1,2,False,cosine,0.4239310920238495
fashion_mnist,42,456,1,2,False,svcca,0.6927477845678254
fashion_mnist,42,456,1,2,False,pwcca,0.921716230086667
fashion_mnist,42,456,1,3,False,cka,0.8910521864891052
fashion_mnist,42,456,1,3,False,cosine,0.4005814492702484
fashion_mnist,42,456,1,3,False,svcca,0.6661332188840154
fashion_mnist,42,456,1,3,False,pwcca,0.9113503856416479
fashion_mnist,42,456,1,4,False,cka,0.7974439859390259
fashion_mnist,42,456,1,4,False,cosine,0.3848237693309784
fashion_mnist,42,456,1,4,False,svcca,0.6462470130933259
fashion_mnist,42,456,1,4,False,pwcca,0.900904382489334
fashion_mnist,42,456,2,1,False,cka,0.91704922914505
fashion_mnist,42,456,2,1,False,cosine,0.3945614695549011
fashion_mnist,42,456,2,1,False,svcca,0.6911308181783689
fashion_mnist,42,456,2,1,False,pwcca,0.9057462569439185
fashion_mnist,42,456,2,2,True,cka,0.9293176531791687
fashion_mnist,42,456,2,2,True,cosine,0.4537718892097473
fashion_mnist,42,456,2,2,True,svcca,0.7038552239508392
fashion_mnist,42,456,2,2,True,pwcca,0.9517087509070241
fashion_mnist,42,456,2,3,False,cka,0.8964171409606934
fashion_mnist,42,456,2,3,False,cosine,0.4456356167793274
fashion_mnist,42,456,2,3,False,svcca,0.689471048820852
fashion_mnist,42,456,2,3,False,pwcca,0.9486899174835215
fashion_mnist,42,456,2,4,False,cka,0.8049788475036621
fashion_mnist,42,456,2,4,False,cosine,0.38297295570373535
fashion_mnist,42,456,2,4,False,svcca,0.6721950498623229
fashion_mnist,42,456,2,4,False,pwcca,0.9431132404588441
fashion_mnist,42,456,3,1,False,cka,0.8875043392181396
fashion_mnist,42,456,3,1,False,cosine,0.41553938388824463
fashion_mnist,42,456,3,1,False,svcca,0.685031946515864
fashion_mnist,42,456,3,1,False,pwcca,0.8898973642244838
fashion_mnist,42,456,3,2,False,cka,0.9238474369049072
fashion_mnist,42,456,3,2,False,cosine,0.46361035108566284
fashion_mnist,42,456,3,2,False,svcca,0.6845531647373008
fashion_mnist,42,456,3,2,False,pwcca,0.9636826871951555
fashion_mnist,42,456,3,3,True,cka,0.9141076803207397
fashion_mnist,42,456,3,3,True,cosine,0.43711113929748535
fashion_mnist,42,456,3,3,True,svcca,0.6867520127895999
fashion_mnist,42,456,3,3,True,pwcca,0.9340288836268763
fashion_mnist,42,456,3,4,False,cka,0.8630552291870117
fashion_mnist,42,456,3,4,False,cosine,0.4263540506362915
fashion_mnist,42,456,3,4,False,svcca,0.6936289409759018
fashion_mnist,42,456,3,4,False,pwcca,0.9389384894055962
fashion_mnist,42,456,4,1,False,cka,0.852262020111084
fashion_mnist,42,456,4,1,False,cosine,0.32805201411247253
fashion_mnist,42,456,4,1,False,svcca,0.6628897357912844
fashion_mnist,42,456,4,1,False,pwcca,0.8757486209743022
fashion_mnist,42,456,4,2,False,cka,0.8897111415863037
fashion_mnist,42,456,4,2,False,cosine,0.4408363103866577
fashion_mnist,42,456,4,2,False,svcca,0.6900595822440568
fashion_mnist,42,456,4,2,False,pwcca,0.971190698796251
fashion_mnist,42,456,4,3,False,cka,0.8851209878921509
fashion_mnist,42,456,4,3,False,cosine,0.43119338154792786
fashion_mnist,42,456,4,3,False,svcca,0.6989826810884435
fashion_mnist,42,456,4,3,False,pwcca,0.9734783389345251
fashion_mnist,42,456,4,4,True,cka,0.867346465587616
fashion_mnist,42,456,4,4,True,cosine,0.37341153621673584
fashion_mnist,42,456,4,4,True,svcca,0.7026895624956658
fashion_mnist,42,456,4,4,True,pwcca,0.9738773047756182
fashion_mnist,123,456,1,1,True,cka,0.9626896977424622
fashion_mnist,123,456,1,1,True,cosine,0.3564176857471466
fashion_mnist,123,456,1,1,True,svcca,0.7027899222988587
fashion_mnist,123,456,1,1,True,pwcca,0.9120846779716463
fashion_mnist,123,456,1,2,False,cka,0.9287264347076416
fashion_mnist,123,456,1,2,False,cosine,0.4301328957080841
fashion_mnist,123,456,1,2,False,svcca,0.6808745655742043
fashion_mnist,123,456,1,2,False,pwcca,0.9153537393179645
fashion_mnist,123,456,1,3,False,cka,0.8684713244438171
fashion_mnist,123,456,1,3,False,cosine,0.42215657234191895
fashion_mnist,123,456,1,3,False,svcca,0.6549109571785025
fashion_mnist,123,456,1,3,False,pwcca,0.9054367757910028
fashion_mnist,123,456,1,4,False,cka,0.7656495571136475
fashion_mnist,123,456,1,4,False,cosine,0.4076264500617981
fashion_mnist,123,456,1,4,False,svcca,0.6260754272125908
fashion_mnist,123,456,1,4,False,pwcca,0.8930378347369216
fashion_mnist,123,456,2,1,False,cka,0.9261190891265869
fashion_mnist,123,456,2,1,False,cosine,0.38135337829589844
fashion_mnist,123,456,2,1,False,svcca,0.7058987894385909
fashion_mnist,123,456,2,1,False,pwcca,0.9027168477013547
fashion_mnist,123,456,2,2,True,cka,0.9223073124885559
fashion_mnist,123,456,2,2,True,cosine,0.4461411237716675
fashion_mnist,123,456,2,2,True,svcca,0.6843851421900462
fashion_mnist,123,456,2,2,True,pwcca,0.9463585927869212
fashion_mnist,123,456,2,3,False,cka,0.8822592496871948
fashion_mnist,123,456,2,3,False,cosine,0.44907987117767334
fashion_mnist,123,456,2,3,False,svcca,0.6833129686701053
fashion_mnist,123,456,2,3,False,pwcca,0.9274221960696815
fashion_mnist,123,456,2,4,False,cka,0.7888476252555847
fashion_mnist,123,456,2,4,False,cosine,0.43774497509002686
fashion_mnist,123,456,2,4,False,svcca,0.6756612380146225
fashion_mnist,123,456,2,4,False,pwcca,0.9207658269566092
fashion_mnist,123,456,3,1,False,cka,0.8841356039047241
fashion_mnist,123,456,3,1,False,cosine,0.37706199288368225
fashion_mnist,123,456,3,1,False,svcca,0.6820572089598099
fashion_mnist,123,456,3,1,False,pwcca,0.8856920450824982
fashion_mnist,123,456,3,2,False,cka,0.8932684659957886
fashion_mnist,123,456,3,2,False,cosine,0.43581414222717285
fashion_mnist,123,456,3,2,False,svcca,0.6849063089701996
fashion_mnist,123,456,3,2,False,pwcca,0.9604731138751782
fashion_mnist,123,456,3,3,True,cka,0.8693676590919495
fashion_mnist,123,456,3,3,True,cosine,0.4252449870109558
fashion_mnist,123,456,3,3,True,svcca,0.6913919343924623
fashion_mnist,123,456,3,3,True,pwcca,0.9618076289947911
fashion_mnist,123,456,3,4,False,cka,0.8033227920532227
fashion_mnist,123,456,3,4,False,cosine,0.4296325743198395
fashion_mnist,123,456,3,4,False,svcca,0.6969825918970184
fashion_mnist,123,456,3,4,False,pwcca,0.9385271722289321
fashion_mnist,123,456,4,1,False,cka,0.8629158735275269
fashion_mnist,123,456,4,1,False,cosine,0.35533130168914795
fashion_mnist,123,456,4,1,False,svcca,0.6431447587863097
fashion_mnist,123,456,4,1,False,pwcca,0.8728094387995882
fashion_mnist,123,456,4,2,False,cka,0.8807265162467957
fashion_mnist,123,456,4,2,False,cosine,0.39961448311805725
fashion_mnist,123,456,4,2,False,svcca,0.6945810346992499
fashion_mnist,123,456,4,2,False,pwcca,0.9686938585588972
fashion_mnist,123,456,4,3,False,cka,0.8690989017486572
fashion_mnist,123,456,4,3,False,cosine,0.4550587832927704
fashion_mnist,123,456,4,3,False,svcca,0.702752150544533
fashion_mnist,123,456,4,3,False,pwcca,0.971347234564136
fashion_mnist,123,456,4,4,True,cka,0.8435242772102356
fashion_mnist,123,456,4,4,True,cosine,0.4026280343532562
fashion_mnist,123,456,4,4,True,svcca,0.7043852492220686
fashion_mnist,123,456,4,4,True,pwcca,0.9719136636012627
cifar10,42,123,1,1,True,cka,0.9374045133590698
cifar10,42,123,1,1,True,cosine,0.14539630711078644
cifar10,42,123,1,1,True,svcca,0.691616120663132
cifar10,42,123,1,1,True,pwcca,0.8884666263661256
cifar10,42,123,1,2,False,cka,0.903400719165802
cifar10,42,123,1,2,False,cosine,0.24598591029644012
cifar10,42,123,1,2,False,svcca,0.8053739299525128
cifar10,42,123,1,2,False,pwcca,0.9290305528547574
cifar10,42,123,1,3,False,cka,0.8281585574150085
cifar10,42,123,1,3,False,cosine,0.22772575914859772
cifar10,42,123,1,3,False,svcca,0.773751223255967
cifar10,42,123,1,3,False,pwcca,0.9114761622067729
cifar10,42,123,1,4,False,cka,0.7306951284408569
cifar10,42,123,1,4,False,cosine,0.1836089938879013
cifar10,42,123,1,4,False,svcca,0.7470034219112394
cifar10,42,123,1,4,False,pwcca,0.8949459010468321
cifar10,42,123,2,1,False,cka,0.9171985387802124
cifar10,42,123,2,1,False,cosine,0.22996972501277924
cifar10,42,123,2,1,False,svcca,0.7845274740827645
cifar10,42,123,2,1,False,pwcca,0.8949478201337656
cifar10,42,123,2,2,True,cka,0.9274193048477173
cifar10,42,123,2,2,True,cosine,0.3730490803718567
cifar10,42,123,2,2,True,svcca,0.6580245214006328
cifar10,42,123,2,2,True,pwcca,0.8565860199424904
cifar10,42,123,2,3,False,cka,0.8920743465423584
cifar10,42,123,2,3,False,cosine,0.3714648485183716
cifar10,42,123,2,3,False,svcca,0.6639235900527477
cifar10,42,123,2,3,False,pwcca,0.8634140332859452
cifar10,42,123,2,4,False,cka,0.8163004517555237
cifar10,42,123,2,4,False,cosine,0.3535391092300415
cifar10,42,123,2,4,False,svcca,0.6431678377993129
cifar10,42,123,2,4,False,pwcca,0.8490434632870886
cifar10,42,123,3,1,False,cka,0.8440061807632446
cifar10,42,123,3,1,False,cosine,0.22650063037872314
cifar10,42,123,3,1,False,svcca,0.7528492604382617
cifar10,42,123,3,1,False,pwcca,0.8763027097865189
cifar10,42,123,3,2,False,cka,0.9009137153625488
cifar10,42,123,3,2,False,cosine,0.3995765745639801
cifar10,42,123,3,2,False,svcca,0.64981959995729
cifar10,42,123,3,2,False,pwcca,0.9013984465020874
cifar10,42,123,3,3,True,cka,0.9316229820251465
cifar10,42,123,3,3,True,cosine,0.3995760679244995
cifar10,42,123,3,3,True,svcca,0.6554989393342379
cifar10,42,123,3,3,True,pwcca,0.8684895365899856
cifar10,42,123,3,4,False,cka,0.911788821220398
cifar10,42,123,3,4,False,cosine,0.34279534220695496
cifar10,42,123,3,4,False,svcca,0.6446926162539711
cifar10,42,123,3,4,False,pwcca,0.8993682863012016
cifar10,42,123,4,1,False,cka,0.7719151377677917
cifar10,42,123,4,1,False,cosine,0.22673968970775604
cifar10,42,123,4,1,False,svcca,0.7207115393923544
cifar10,42,123,4,1,False,pwcca,0.8555811132149929
cifar10,42,123,4,2,False,cka,0.8295645117759705
cifar10,42,123,4,2,False,cosine,0.36463478207588196
cifar10,42,123,4,2,False,svcca,0.6433006791383259
cifar10,42,123,4,2,False,pwcca,0.9143864381626114
cifar10,42,123,4,3,False,cka,0.8782004117965698
cifar10,42,123,4,3,False,cosine,0.37214377522468567
cifar10,42,123,4,3,False,svcca,0.6437606770757152
cifar10,42,123,4,3,False,pwcca,0.9164864605683783
cifar10,42,123,4,4,True,cka,0.9205217361450195
cifar10,42,123,4,4,True,cosine,0.39681267738342285
cifar10,42,123,4,4,True,svcca,0.6670349301822562
cifar10,42,123,4,4,True,pwcca,0.9230949202307578
cifar10,42,456,1,1,True,cka,0.9302316308021545
cifar10,42,456,1,1,True,cosine,0.17602895200252533
cifar10,42,456,1,1,True,svcca,0.7299410529023764
cifar10,42,456,1,1,True,pwcca,0.9061532332956553
cifar10,42,456,1,2,False,cka,0.8992105722427368
cifar10,42,456,1,2,False,cosine,0.21063347160816193
cifar10,42,456,1,2,False,svcca,0.8111897756812518
cifar10,42,456,1,2,False,pwcca,0.9317025916132889
cifar10,42,456,1,3,False,cka,0.8405333161354065
cifar10,42,456,1,3,False,cosine,0.20220690965652466
cifar10,42,456,1,3,False,svcca,0.7832448260279561
cifar10,42,456,1,3,False,pwcca,0.9172543815019023
cifar10,42,456,1,4,False,cka,0.7568783760070801
cifar10,42,456,1,4,False,cosine,0.2403096705675125
cifar10,42,456,1,4,False,svcca,0.7449960238532797
cifar10,42,456,1,4,False,pwcca,0.8947294919913944
cifar10,42,456,2,1,False,cka,0.9072941541671753
cifar10,42,456,2,1,False,cosine,0.26923665404319763
cifar10,42,456,2,1,False,svcca,0.7628926141077237
cifar10,42,456,2,1,False,pwcca,0.8904273063855728
cifar10,42,456,2,2,True,cka,0.9234265089035034
cifar10,42,456,2,2,True,cosine,0.39839622378349304
cifar10,42,456,2,2,True,svcca,0.6656110213217474
cifar10,42,456,2,2,True,pwcca,0.858781132412783
cifar10,42,456,2,3,False,cka,0.901803731918335
cifar10,42,456,2,3,False,cosine,0.4132060706615448
cifar10,42,456,2,3,False,svcca,0.6577569712030964
cifar10,42,456,2,3,False,pwcca,0.860772756559953
cifar10,42,456,2,4,False,cka,0.832180917263031
cifar10,42,456,2,4,False,cosine,0.3833284080028534
cifar10,42,456,2,4,False,svcca,0.6560384513521832
cifar10,42,456,2,4,False,pwcca,0.8614451718153511
cifar10,42,456,3,1,False,cka,0.8326308131217957
cifar10,42,456,3,1,False,cosine,0.2742563486099243
cifar10,42,456,3,1,False,svcca,0.737862777843103
cifar10,42,456,3,1,False,pwcca,0.8772018542907762
cifar10,42,456,3,2,False,cka,0.9006737470626831
cifar10,42,456,3,2,False,cosine,0.35415518283843994
cifar10,42,456,3,2,False,svcca,0.6502055463121018
cifar10,42,456,3,2,False,pwcca,0.9021503210224182
cifar10,42,456,3,3,True,cka,0.9448323845863342
cifar10,42,456,3,3,True,cosine,0.3679557740688324
cifar10,42,456,3,3,True,svcca,0.6575404047408783
cifar10,42,456,3,3,True,pwcca,0.9046806946074519
cifar10,42,456,3,4,False,cka,0.9107640981674194
cifar10,42,456,3,4,False,cosine,0.3635074496269226
cifar10,42,456,3,4,False,svcca,0.6544170424339938
cifar10,42,456,3,4,False,pwcca,0.8720273606098708
cifar10,42,456,4,1,False,cka,0.7467377185821533
cifar10,42,456,4,1,False,cosine,0.2622773051261902
cifar10,42,456,4,1,False,svcca,0.6959116491940652
cifar10,42,456,4,1,False,pwcca,0.8451013218919639
cifar10,42,456,4,2,False,cka,0.8380576968193054
cifar10,42,456,4,2,False,cosine,0.36405089497566223
cifar10,42,456,4,2,False,svcca,0.6437482059004074
cifar10,42,456,4,2,False,pwcca,0.9144652394741388
cifar10,42,456,4,3,False,cka,0.9227720499038696
cifar10,42,456,4,3,False,cosine,0.3905695378780365
cifar10,42,456,4,3,False,svcca,0.6548738590192257
cifar10,42,456,4,3,False,pwcca,0.9189061514897646
cifar10,42,456,4,4,True,cka,0.951257050037384
cifar10,42,456,4,4,True,cosine,0.36278092861175537
cifar10,42,456,4,4,True,svcca,0.6537116030961169
cifar10,42,456,4,4,True,pwcca,0.9204466007826837
cifar10,123,456,1,1,True,cka,0.952806830406189
cifar10,123,456,1,1,True,cosine,0.18124975264072418
cifar10,123,456,1,1,True,svcca,0.6998969087640341
cifar10,123,456,1,1,True,pwcca,0.8850464461491657
cifar10,123,456,1,2,False,cka,0.9266530871391296
cifar10,123,456,1,2,False,cosine,0.20095707476139069
cifar10,123,456,1,2,False,svcca,0.7904634590663827
cifar10,123,456,1,2,False,pwcca,0.9179868974765271
cifar10,123,456,1,3,False,cka,0.858814537525177
cifar10,123,456,1,3,False,cosine,0.2356642186641693
cifar10,123,456,1,3,False,svcca,0.7619585564183978
cifar10,123,456,1,3,False,pwcca,0.903093292044853
cifar10,123,456,1,4,False,cka,0.7687755823135376
cifar10,123,456,1,4,False,cosine,0.2340283989906311
cifar10,123,456,1,4,False,svcca,0.7254243754844828
cifar10,123,456,1,4,False,pwcca,0.879936802352211
cifar10,123,456,2,1,False,cka,0.9262022376060486
cifar10,123,456,2,1,False,cosine,0.2479700893163681
cifar10,123,456,2,1,False,svcca,0.7587892097100262
cifar10,123,456,2,1,False,pwcca,0.886754304514183
cifar10,123,456,2,2,True,cka,0.946831464767456
cifar10,123,456,2,2,True,cosine,0.31467801332473755
cifar10,123,456,2,2,True,svcca,0.6562585923425572
cifar10,123,456,2,2,True,pwcca,0.8546518722170109
cifar10,123,456,2,3,False,cka,0.9079843163490295
cifar10,123,456,2,3,False,cosine,0.36375918984413147
cifar10,123,456,2,3,False,svcca,0.6513371133199982
cifar10,123,456,2,3,False,pwcca,0.8559159477576125
cifar10,123,456,2,4,False,cka,0.8210975527763367
cifar10,123,456,2,4,False,cosine,0.35858917236328125
cifar10,123,456,2,4,False,svcca,0.6419791802881164
cifar10,123,456,2,4,False,pwcca,0.8445178064211678
cifar10,123,456,3,1,False,cka,0.8543180823326111
cifar10,123,456,3,1,False,cosine,0.2735334038734436
cifar10,123,456,3,1,False,svcca,0.7249089819414003
cifar10,123,456,3,1,False,pwcca,0.8632796748621382
cifar10,123,456,3,2,False,cka,0.9176807403564453
cifar10,123,456,3,2,False,cosine,0.32023686170578003
cifar10,123,456,3,2,False,svcca,0.6516571677454018
cifar10,123,456,3,2,False,pwcca,0.9016367303428361
cifar10,123,456,3,3,True,cka,0.9371913075447083
cifar10,123,456,3,3,True,cosine,0.3901793658733368
cifar10,123,456,3,3,True,svcca,0.6544490200773911
cifar10,123,456,3,3,True,pwcca,0.9032370643095236
cifar10,123,456,3,4,False,cka,0.8724693655967712
cifar10,123,456,3,4,False,cosine,0.3584001660346985
cifar10,123,456,3,4,False,svcca,0.6467454459193251
cifar10,123,456,3,4,False,pwcca,0.8706643274305738
cifar10,123,456,4,1,False,cka,0.743230402469635
cifar10,123,456,4,1,False,cosine,0.2985432744026184
cifar10,123,456,4,1,False,svcca,0.7102539867014664
cifar10,123,456,4,1,False,pwcca,0.8523359183176623
cifar10,123,456,4,2,False,cka,0.8398646116256714
cifar10,123,456,4,2,False,cosine,0.3341519832611084
cifar10,123,456,4,2,False,svcca,0.6288242990747626
cifar10,123,456,4,2,False,pwcca,0.9095607234852875
cifar10,123,456,4,3,False,cka,0.9225054383277893
cifar10,123,456,4,3,False,cosine,0.37393832206726074
cifar10,123,456,4,3,False,svcca,0.6459123200047246
cifar10,123,456,4,3,False,pwcca,0.9159192155586027
cifar10,123,456,4,4,True,cka,0.9274868965148926
cifar10,123,456,4,4,True,cosine,0.3476586937904358
cifar10,123,456,4,4,True,svcca,0.6682185638842427
cifar10,123,456,4,4,True,pwcca,0.88367774240223
